0,1,2,3,4,5,6,7,8,9,10,11,12,13,14,15,16,17,18,19,20,21,22,23,24,25,26,27,28,29,30,31,32,33,34,35,36,37,38,39,40,41,42,43,44,45,46,47,48,49,50,51,52,53,54,55,56,57,58,59,60,61,62,63
-0.19905642,-0.14044768,0.03484507,0.15764803,-0.17246567,-0.19504382,-0.13771668,-0.029714337,0.08574182,0.17965002,-0.0069435798,0.12402132,0.09836539,0.14264932,0.0520269,0.21788429,-0.0093944045,0.16214466,0.15947825,-0.07112765,-0.11728377,-0.05163417,-0.1296971,-0.19234093,-0.1552546,-0.0762814,-0.18353105,-0.088153765,-0.041679263,-0.035824776,0.038080707,-0.09067317,0.05663018,-0.2673645,0.13561022,0.19157681,0.12188562,-0.17117919,0.07817049,-0.11495697,0.014784546,0.24439068,-0.14203794,0.227583,-0.30416757,0.07601568,0.14188337,-0.03765969,-0.16937819,-0.0031768307,-0.10257914,-0.0027202237,-0.14260384,0.05144047,-0.15558189,-0.11312693,0.03680635,-0.06346007,-0.18397453,-0.14698064,0.054554965,-0.15412442,0.028660772,0.111240685
0.028598731,-0.04249357,0.112504445,0.11212131,-0.046417806,-0.17707746,0.19052573,0.03398877,0.19851364,-0.019380987,0.111235075,0.19182435,0.08773712,-0.037631147,0.06278177,-0.18163349,-0.005482595,-0.13564155,0.2039707,-0.20367353,0.11940028,-0.12865297,0.05677168,0.010446515,-0.060831577,0.11815856,0.005045897,0.09374403,-0.098759666,0.17460164,-0.11661251,-0.14826956,-0.1802154,0.18180183,-0.08730609,-0.21055351,0.08757494,0.058875743,-0.08492355,0.1037204,0.020518364,0.19624326,0.20991465,0.14558654,-0.1400538,-0.23516077,-0.24852341,0.24069566,0.09988142,0.089989476,-0.12798089,0.18496145,-0.07961889,0.14462481,0.13577978,0.21382004,0.23840202,0.15942423,0.060270984,0.13136277,0.001509146,0.016061993,-0.117070295,-0.0100873085
-0.27534977,0.025783686,-0.12514989,0.13046867,-0.032269202,-0.07762481,0.2326911,0.0867961,0.2329239,-0.05305269,-0.18192948,0.09357528,-0.26828668,0.009605636,0.07148752,-0.07062652,-0.15577406,-0.14285566,-0.02606754,-0.20248139,0.20990492,-0.15922327,0.22010045,0.17871274,0.13620418,-0.11506401,0.1222328,-0.039481148,-0.03177741,-0.049784366,0.25644386,0.10935216,0.06324778,-0.17788377,-0.22292465,-0.24638312,-0.21082881,-0.19522248,0.019431831,-0.016252527,0.2488766,-0.029393649,0.080389366,0.114253104,-0.013341764,-0.08603001,0.109064505,-0.10179811,-0.12157476,0.17851093,0.07112312,-0.1746326,0.22460854,-0.0023118102,0.2470673,0.17504406,0.21704103,0.23208481,0.08545417,-0.0024523323,-0.14348663,0.13654101,-0.072952956,-0.16382018
-0.0958285,-0.11583707,-0.1159338,0.13361137,0.034135405,0.22646278,-0.06009566,0.04528171,-0.21894199,0.042679172,-0.09405248,-0.18548323,-0.10136247,0.087551236,0.17586704,-0.15867971,0.14423223,-0.01566969,0.06453827,-0.16601947,0.094801754,0.22532174,-0.18349743,0.16611502,-0.025941042,0.24943477,-0.024209045,0.18482184,0.18471655,0.23405913,0.22827183,0.12840617,-0.21076539,0.09018276,0.17504558,-0.021747692,-0.20327437,-0.084522456,-0.10927071,-0.14282149,0.1303848,-0.17627428,0.20606227,-0.17437775,0.21768185,-0.24368912,0.13171527,0.022016553,-0.07732319,-0.23488413,-0.04648762,0.13443927,-0.024986977,0.20998645,-0.18454361,-0.09890661,-0.10700583,-0.23095798,-0.077793166,0.07669871,-0.1857387,-0.004356354,0.27803522,0.06675661
-0.11739119,-0.24654868,-0.18972898,-0.10118653,-0.10833286,-0.09274739,0.15752131,0.14225358,-0.023558574,-0.20581031,0.054409917,0.14686657,0.14699732,-0.116053544,-0.18582258,0.094903685,0.22260141,0.1630405,-0.019717896,0.16444254,-0.17094965,0.22063516,-0.09249785,-0.09644434,-0.2487134,0.001460836,0.03911748,0.035876244,0.1197976,-0.20466907,-0.21086514,0.2094896,-0.026894987,-0.30394328,-0.13918282,0.18234818,0.18234918,-0.16780643,0.01455809,-0.1956821,0.15963504,-0.055129774,0.1979917,0.0016549262,-0.09444326,0.19226086,-0.21562429,-0.22808543,0.028436644,0.076903604,0.07434393,-0.20361085,-0.10134765,-0.17264573,0.002626113,0.067413755,0.072349235,-0.21182564,0.110192426,0.21294378,0.21105501,0.024116285,0.12738955,0.12356822
0.12463039,-0.015010246,-0.0053785197,-0.12901343,0.1593685,-0.23205006,-0.15715995,0.21439214,-0.19205894,0.0696948,-0.20938951,0.22242048,0.04029261,0.09393219,-0.20144029,0.0838646,-0.030975448,0.2348657,-0.15164578,-0.17778096,0.026156522,0.035577215,-0.17544034,-0.11371946,-0.11803,0.106216736,-0.10547148,0.22545318,0.17292996,-0.074192226,-0.110632144,0.14256988,0.09979239,0.19784662,0.13396963,0.053306356,0.19589314,-0.15929513,0.1398111,0.09071604,0.031846944,0.02327201,-0.08002448,0.20238756,-0.15410326,0.0292116,-0.19751476,0.12643999,-0.04013402,0.12754123,0.15200199,0.19416656,-0.08928204,0.13839635,-0.25558564,0.2010987,-0.14361082,0.19808069,0.039695695,-0.23636885,0.21278657,-0.04819404,0.0786,0.21138602
0.08926434,0.17431597,0.12134959,-0.055055887,-0.22642294,0.12261183,0.032088824,0.22446626,0.09885279,0.22328238,-0.023574324,0.13040616,0.21043025,-0.1044587,0.1473743,-0.23327963,0.024917474,-0.08401293,-0.027434649,-0.21944715,0.20096686,-0.13856302,-0.2246056,0.15317221,0.24715358,-0.06008761,0.19958146,0.043008383,0.17588244,-0.049944885,0.14767002,-0.2547276,-0.03204661,0.2874896,0.058823455,-0.15209125,-0.12496014,-0.08396299,0.033442453,0.13970125,0.1526402,0.09030362,-0.030573508,-0.18804184,0.15936737,-0.12025596,-0.22830023,-0.05999669,-0.18538378,-0.06750514,0.1834095,0.23061384,0.08106039,0.15235218,-0.17115691,0.16002154,0.17679822,-0.06690695,-0.028447058,-0.18693121,-0.18529429,-0.06552021,0.13370529,-0.1798217
0.25935405,-0.2813398,0.07915559,-0.15974091,-0.21725175,0.10910966,0.13234453,-0.19737038,0.004590395,0.11432255,0.08973187,-0.08241738,0.14270431,0.15945129,-0.16683277,0.10608448,0.23064904,-0.115545474,0.20525344,-0.16936676,0.03476401,0.07775099,0.18126611,-0.038801324,0.22438723,0.1591935,0.07788618,0.0554792,0.121370345,0.23438792,-0.033550132,0.17022212,0.17884487,-0.022160575,-0.004358674,-0.10980997,-0.12362169,0.1492619,0.0026769459,-0.20625366,0.28812185,-0.14293532,0.12255154,-0.10533177,-0.16019183,-0.09761436,-0.26404694,-0.15725265,0.12830201,-0.074520536,-0.19541727,-0.2065486,-0.20499367,0.011897645,-0.22291508,-0.23261473,-0.14783348,-0.08300288,-0.1663678,-0.14740354,0.08847693,-0.08635083,0.17361641,-0.08256622
-0.26017386,0.046139054,0.2304639,-0.09153773,0.121091224,0.012330094,0.08550625,0.14193784,-0.1348931,0.07489593,-0.16097166,-0.09915048,-0.05911532,-0.12838653,0.14565423,-0.040703602,-0.16336308,-0.052383225,-0.14998516,-0.035313617,-0.25272387,0.12333092,-0.009492,0.14935727,-0.1550406,0.02428611,0.106035225,0.2140417,-0.12368177,0.047859475,0.03617329,-0.08443259,-0.22319764,-0.05521275,-0.15298446,-0.05617566,0.19213375,0.04750777,-0.013558798,0.19800237,0.15348484,0.10824927,-0.14730893,-0.2081249,-0.14264752,0.17519242,-0.020941572,0.047149677,0.039138153,-0.117938615,-0.20795399,-0.10576617,-0.13876386,-0.104630865,-0.015429394,-0.17208605,-0.10362539,-0.11032047,0.08322382,0.15745082,-0.011196483,-0.16599356,-0.05160106,0.17369178
0.23595281,0.18493353,-0.21888089,0.010985741,0.109259166,0.14904106,0.22224924,0.097728975,-0.17407055,-0.09257289,0.015235446,0.024150755,0.030312346,-0.06609741,0.14708348,0.2005227,0.24626002,-0.098315574,0.14907905,-0.2589219,-0.09591487,-0.0032239344,-0.062683366,-0.13262418,0.25883213,-0.21825045,0.19822007,-0.18704979,0.10998851,0.06388432,-0.09879975,-0.18001486,-0.12141387,-0.1280304,0.12587453,-0.033283766,-0.2217815,0.0072444957,0.049908187,-0.016541414,0.005219382,-0.2324425,0.048311684,0.05823137,-0.09807067,0.13066342,-0.12659775,0.16174452,0.2092711,-0.116567425,-0.034710255,0.18652532,-0.046852197,0.20085649,-0.21174605,-0.16910179,-0.07502163,-0.16222183,-0.09864823,-0.02643994,0.17761311,0.07216227,0.068406396,-0.14737052
-0.25854096,0.2144706,0.14663468,0.059659313,-0.051820908,0.083086126,-0.0721514,0.035654206,0.18460654,0.26736233,-0.08227142,-0.1883828,-0.15362962,-0.022844013,-0.1948126,0.2615145,-0.1326925,0.17572433,-0.13079767,-0.02610749,0.007178185,0.16169532,-0.22003594,-0.04953008,0.13871284,-0.0081908265,-0.02884661,-0.18270387,0.21528488,-0.12044381,-0.010954733,-0.0053796647,0.05936924,0.025973313,-0.014211493,-0.18740405,0.07503711,-0.24588794,0.11528684,0.23145354,-0.308293,-0.056145426,-0.18558282,0.23555587,0.0050897454,0.10296131,0.23907141,0.19949444,0.18435596,0.018543886,0.1346467,0.20741786,0.15825617,0.21945572,-0.08716752,0.14819399,0.23520863,-0.13967548,0.15648416,-0.0013278149,-0.22972675,-0.1314841,-0.17209364,0.01149475
-0.07364916,0.24107479,-0.0859193,0.25302318,0.17043976,0.09619122,0.1738979,0.054100227,-0.09059976,0.072260655,-0.045373313,-0.16365047,-0.19242886,-0.2432838,0.17475693,-0.17094308,-0.20771836,0.012318076,-0.19055304,-0.17723623,0.17125708,-0.048572246,0.24597457,-0.15856254,-0.20184456,-0.1349662,-0.14488208,0.12221572,0.08622396,-0.2209512,0.24449058,0.045971356,0.075963646,-0.10488957,-0.23652549,0.062309965,-0.23886633,-0.14703126,0.05558887,-0.07735023,-0.15863553,-0.16235131,0.14065485,-0.2135685,0.20161529,-0.08633091,-0.017069818,-0.008141607,0.11580273,0.23371613,-0.22098307,-0.13787815,0.10451887,-0.25274837,0.10576135,-0.051339217,-0.08716044,-0.020993786,-0.16492698,-0.044215936,-0.20852767,0.21495447,-0.057195764,0.04750817
0.09171286,-0.22839534,0.118160136,0.25211746,0.20721687,-0.052803706,-0.075238205,-0.090570435,-0.15591872,-0.04794573,0.0013623042,0.010195339,-0.14976504,-0.26881793,0.1851199,-0.04863315,0.12554918,0.013762994,0.24770163,0.017648857,-0.16264011,-0.07825511,-0.053284377,-0.11305765,-0.0008533502,-0.14476871,0.16445301,-0.09919198,-0.2450715,0.07877203,0.15916885,-0.044033173,-0.21478476,-0.13086705,-0.11376696,-0.19944899,0.027470417,0.1661171,0.1506576,0.18697648,0.15153207,0.07072045,0.18663596,-0.28510052,0.21379113,-0.011127833,-0.1617753,-0.20127131,-0.14671096,0.04074164,0.13969062,0.024485735,-0.15083882,-0.02984901,0.21249026,-0.2606171,-0.1890768,-0.1637823,-0.012837985,-0.11463986,-0.18565753,0.11759319,-0.1315608,-0.22025412
0.060113072,0.18517487,0.2177985,0.06355793,-0.018292226,0.1493425,0.0038737794,-0.091672555,-0.038648743,0.0628406,-0.12053533,0.16781633,-0.021566808,0.13560112,0.14983995,-0.19601648,0.1283372,0.05367836,0.081826404,-0.014477405,0.23624066,0.10029982,0.059956256,0.1095912,0.03918479,0.14365478,0.15628162,0.12517971,0.040555228,-0.14730299,0.20120782,0.26450828,-0.10756777,0.18866256,-0.10216576,0.021450887,0.06145213,0.14389619,-0.13602422,-0.10779808,0.19475155,-0.13784058,-0.18950655,-0.06587961,0.2170133,-0.19190405,0.054097828,0.2158018,0.1972959,-0.11441735,-0.27787495,-0.056477264,0.19403777,-0.18722048,0.03250851,-0.14279525,-0.1705603,-0.15403838,-0.03361084,0.13951229,0.012054438,-0.024516322,0.2742504,-0.12489173
-0.021165974,0.07024346,-0.19361387,-0.11353607,0.030055698,0.01702194,0.152476,-0.0145456195,-0.1411275,-0.13818757,0.0561609,-0.04082515,0.07328497,-0.088961065,0.047120053,-0.0688029,-0.060611863,-0.07159107,-0.18596917,-0.07537731,-0.07778202,0.15562962,0.25325972,0.0020573218,0.1793431,-0.022231713,-0.03527489,-0.10949792,-0.03328451,-0.002958616,0.20007767,-0.016970886,0.19010758,-0.196741,0.1414106,-0.24443917,-0.27000612,0.10186308,0.107126184,0.19096527,-0.017072089,-0.20503736,0.03137885,-0.04506637,0.24959642,-0.15861851,-0.20257308,0.08722277,0.17539948,-0.21928217,0.09378895,0.13947569,-0.16735528,-0.00406092,0.14968611,-0.06476587,0.2238012,0.03844714,0.081281506,0.24354096,0.1895894,-0.18438207,0.21217565,0.1191851
0.12698773,0.1631598,0.028868333,-0.19060512,-0.04823963,0.19537327,0.120235704,-0.07591112,0.16170512,0.041059922,0.10595969,0.06724157,-0.22557761,-0.20232207,0.23870149,-0.027449975,0.0672733,-0.21798313,-0.04160638,-0.011029879,0.2263939,-0.12789945,-0.06066651,0.21685784,0.22404069,0.17818013,0.056234255,-0.13100478,0.066087745,-0.09242839,0.21113193,-0.10055557,0.065573856,0.12649225,0.16968879,0.20243436,-0.16028863,-0.17157674,-0.0012859966,-0.097399615,-0.26451245,-0.07710472,0.20625834,0.20193337,0.26116186,0.029697463,0.24436449,0.09926091,-0.11531949,-0.11096416,-0.19064471,-0.05506327,0.05532107,0.21731055,0.09906479,0.20797576,0.21069354,-0.08686345,0.2399127,-0.25753188,-0.18488708,0.10853527,0.09928031,-0.04547648
0.25352028,0.1589559,-0.0386307,-0.24192154,-0.13430817,0.21517216,0.09330241,0.1068263,0.015557122,0.08455848,-0.13918526,0.04626854,0.043226082,0.060077153,-0.16082016,0.2594819,-0.16089068,0.18066914,0.18850249,-0.20011146,0.1194581,-0.1314604,-0.0068913796,0.05023005,0.19057465,-0.06658247,-0.2301178,0.18723616,-0.10783606,-0.024172116,0.097409375,-0.26974973,0.019620806,-0.12021253,-0.17736854,0.20720261,-0.041768868,-0.014110031,-0.0128521295,-0.1102957,-0.12608485,-0.0203673,0.15412098,0.19395423,-0.088749565,-0.17384711,-0.11437484,0.108827375,0.17542388,0.063846104,-0.09516815,-0.14086378,0.04066204,0.22459334,-0.17949782,0.08983343,0.08850225,-0.054173246,-0.054390386,0.070181,-0.1295694,0.08795882,-0.06452961,0.22399233
0.036837652,0.15040822,0.22827242,-0.10194092,0.03992668,-0.21032363,-0.21196733,0.10058907,-0.167098,-0.03815316,-0.1735937,-0.042150773,-0.054950874,0.050798718,-0.1451212,-0.13051528,0.033753008,-0.06374941,0.12519921,-0.13546102,0.070412934,-0.11346961,-0.12404759,-0.18390873,0.040443797,0.005733355,-0.18462163,-0.15607636,0.21926656,0.098801024,-0.10089243,-0.12563801,-0.12468946,-0.04000124,0.15819341,-0.055896845,-0.118484326,0.04444395,-0.23350616,-0.14528897,-0.15762386,-0.19462085,0.04066413,0.08967227,-0.30836743,-0.15315163,-0.2556882,0.20186506,0.14884342,-0.033157673,0.0687041,-0.13405013,-0.25452143,0.034448955,-0.033290405,0.12597296,0.17785482,0.059833996,-0.24380428,0.10652746,0.016177054,-0.07005489,0.12836303,-0.18392907
0.07510824,0.1153061,0.073272206,-0.074971184,0.107727915,0.17729649,0.1791614,0.05719462,0.0977767,-0.1409894,-0.115712516,0.23601589,0.26965103,0.1664464,-0.22333397,0.09783614,-0.10792481,0.086727165,0.09119003,-0.25346985,-0.24674554,-0.059019707,-0.20112775,-0.18340029,-0.1873831,-0.14841011,0.052097972,0.12513015,0.06638493,-0.025335742,-0.03155172,0.009028355,0.09951527,-0.09883863,0.11838816,0.030778818,0.08437618,0.052140992,0.12055052,0.18474714,-0.011107,0.23029588,-0.104054354,0.20467925,-0.282824,0.21436012,-0.15509614,-0.13058378,-0.2127948,-0.19474085,0.17606114,0.1981996,0.08698421,0.06060345,-0.2075949,-0.119857,-0.18840635,0.095917694,-0.1971493,0.16513161,0.1810445,-0.06770781,-0.08426175,-0.039315898
-0.3214375,0.24486873,0.005686657,0.10344737,-0.22256757,0.20512605,0.24790105,0.057187025,-0.14630046,-0.19382055,-0.072356485,-0.24308933,-0.29280832,0.16318303,-0.04301665,-0.11716869,-0.06492717,0.068105124,0.015536559,0.039741464,-0.17490473,0.2603205,-0.0936194,-0.02329353,-0.043640293,0.07377894,-0.08199003,0.03265734,0.18406887,-0.11092941,-0.071922675,-0.04272858,0.19261982,-0.1764154,-0.150475,0.091431975,-0.039854955,0.09160411,0.22895505,0.17839365,-0.06408718,0.13967676,-0.058577422,0.18670881,0.27658185,0.15794453,0.25021318,-0.16436547,0.041977912,-0.18825017,0.09792714,-0.1502815,0.015935756,0.11815875,0.05212421,-0.13245988,-0.19494867,-0.043411594,-0.14712663,0.18021747,0.15322882,0.22934763,0.16401923,-0.12994842
0.13105959,-0.14878076,0.05984935,-0.21096338,-0.1359537,-0.25344235,-0.22438934,-0.22114362,-0.22486275,-0.09383396,-0.19308655,0.11121473,0.17622,0.11541242,-0.20893477,0.18821011,0.023318222,-0.17615281,0.11108264,0.23587835,-0.14489102,-0.05211145,-0.008465528,0.12553585,-0.0132702775,-0.072755344,0.11302659,0.044896677,0.11000178,-0.034307502,-0.10998039,-0.12886228,-0.093808316,-0.24299504,-0.22067039,-0.039830364,-0.0052751387,-0.038933635,-0.022259422,-0.2242869,-0.030106662,-0.14062774,-0.19437839,-0.07485873,-0.12612513,0.1323934,0.071404845,0.15511018,0.03737881,0.18378654,0.24234396,-0.15538923,-0.23438506,0.029159198,0.15226345,-0.14334722,-0.014688915,-0.055991054,-0.043128602,-0.13814037,-0.16206324,0.21149535,-0.15674727,-0.024117433
0.108149886,0.06569969,-0.17686222,0.026966346,-0.1402797,0.23503123,0.22635975,-0.17580543,0.21690594,-0.19087265,0.25210688,0.09814461,0.11388369,-0.23916867,0.21120241,0.07807757,0.14693257,-0.20730487,0.16943336,-0.2240052,-0.014603384,0.06717794,0.057620857,0.27014193,-0.027920969,-0.085336976,0.14538196,0.17909767,-0.18619017,0.11923805,-0.12095184,0.0015215584,-0.20887873,0.26175314,-0.07557756,-0.06457388,-0.11661826,-0.13951771,0.011012724,-0.16147178,0.14045179,0.107875876,0.09627878,-0.08710759,-0.05078069,-0.20157427,-0.1435932,-0.06815829,0.011643281,-0.15442598,-0.18913536,-0.025167946,0.17368367,0.15586847,-0.015461692,0.0807351,0.16229278,-0.254682,0.11954102,0.092324436,-0.05448784,-0.011730282,-0.011565521,0.0027311794
0.17870362,-0.10002665,-0.14640225,0.07720078,0.13672575,0.10016824,0.2062634,0.006711413,0.23359731,0.018370751,0.0934358,-0.044854477,-0.21661636,-0.19287074,-0.043080203,-0.1271963,0.02724667,0.1852322,0.033477142,0.13350557,0.12805536,0.23349299,0.11588244,-0.028383039,0.1779352,0.15007697,-0.16080071,0.21405828,0.13932322,0.1592879,0.053812645,0.10749508,0.05254627,0.071092,0.03033704,0.15380822,-0.22151695,-0.15723354,-0.18729511,-0.06379734,-0.11823633,-0.056273125,0.030472053,0.14284074,0.2858936,0.10529529,-0.09197771,0.06219032,-0.10569074,-0.22335592,-0.22595218,0.16187318,0.25486994,0.08089185,0.026124904,0.11828002,0.16785817,-0.02264427,-0.07260163,-0.19592348,0.03632811,-0.104918614,0.015773512,-0.1632743
-0.055067044,-0.14580916,0.0970012,-0.20358913,0.14732084,-0.06128644,-0.26687315,0.22953002,0.05025377,-0.22247474,-0.008544865,0.034730233,0.022674661,-0.09151362,-0.11828853,0.032352604,-0.11838759,-0.066182084,-0.22637257,-0.19313474,-0.16231859,-0.16951697,-0.22479567,0.020073893,0.042046726,0.070114605,-0.12429843,-0.17098814,0.119971305,0.02855341,-0.11233978,0.19029248,-0.16239539,-0.14129542,-0.008135444,-0.21514755,-0.16652809,0.22283362,0.04871739,-0.18712725,-0.06400943,0.21924238,0.14460848,0.10753365,-0.28661233,-0.23858596,0.039394803,-0.024099741,-0.036775745,0.0878397,-0.0506381,-0.1957653,-0.10255954,-0.114452444,0.1926918,0.19673717,-0.0705641,0.04954214,0.14387736,-0.031098869,0.20070976,0.08310606,0.03410037,0.13148233
0.07588847,0.14433001,-0.17229795,0.123386554,-0.06850454,0.16935839,0.19997197,0.20730694,0.20251875,0.023774393,0.043754555,-0.09681396,0.17215334,0.12146574,0.2706009,-0.24034037,-0.11555297,-0.09163585,0.20785578,-0.17258213,0.10631427,-0.16937846,0.024348179,0.19076562,-0.05659983,0.10894108,0.13048396,0.07589814,-0.19907668,0.2186793,0.16651115,-0.10718891,0.10150256,0.09750523,-0.018664567,-0.23155244,-0.25767902,-0.044167146,-0.23169588,-0.19794658,0.100449316,-0.26686755,-0.10187348,-0.25970882,0.20428059,0.1155292,0.05235018,0.17165469,-0.047420874,0.06751124,-0.24600631,-0.068983,-0.081277914,0.058249664,0.13728552,0.05572558,-0.2370975,-0.017171774,-0.14203869,0.20826487,0.109429665,-0.08254066,0.15244643,-0.10295537
0.09644278,-0.15782076,-0.18530808,-0.2508851,-0.24056216,0.17606199,-0.0018135253,0.10365601,0.08121366,0.0748335,0.1860054,0.23235318,0.24393398,0.19783184,0.050634086,0.23878272,-0.14578539,-0.0789092,-0.009743883,-0.12428518,0.22161005,-0.01620064,-0.18729332,-0.1649147,0.19314003,0.14795391,-0.10156215,0.0073279105,0.056007784,0.09944678,0.15720555,-0.25282905,0.2225376,-0.0022237012,-0.14886653,0.068109915,0.17281482,0.17797872,0.16654396,-0.083412446,-0.09158735,0.009563583,-0.15563123,0.058533654,0.014504668,0.0980968,0.09216113,0.1511828,-0.01585835,-0.13910909,0.04020631,-0.0047073136,-0.20045644,0.005290543,0.1349737,0.2333739,-0.0447025,-0.08734884,-0.17056938,0.1793438,0.067606695,0.22657606,-0.057752155,0.17233329
0.042892035,0.24651432,0.013435922,0.25022367,-0.044321086,-0.15657444,-0.15068625,0.15208693,0.13652375,-0.13336198,-0.19151126,-0.23856992,0.14947338,-0.0825776,0.2663993,0.064111635,-0.13600785,-0.006996115,-0.023500703,-0.09514951,0.040640477,0.0012175378,0.05418241,-0.012339277,0.03234164,0.00026522414,0.10058827,0.1307975,-0.0069391686,0.08484405,-0.0701529,0.16420417,-0.03443879,0.033991225,0.2331211,0.046198387,-0.14812505,0.059653405,-0.27580038,-0.008663819,0.12597825,-0.3016668,-0.16261621,-0.020228367,0.27635777,-0.20163317,0.11499534,0.099685945,0.015389712,-0.13680899,-0.21648555,-0.16700688,0.024618853,0.13969132,0.10580825,0.10683772,0.11312435,-0.1860137,-0.014147685,-0.09549758,0.022113657,0.028748635,0.18104835,-0.17707375
0.27433026,-0.10409051,0.07327344,-0.24358906,0.11902792,0.005215802,-0.04652997,0.083407834,-0.24292886,-0.20989674,-0.20186517,0.19405541,0.060639635,0.1082789,0.023300406,0.17673294,-0.16781627,-0.16500288,0.15997294,-0.15964203,-0.020796843,-0.10529906,-0.21437122,-0.0045238435,0.14447401,0.060270235,-0.20281085,-0.21979006,0.19440426,0.11700856,0.028668487,0.04789169,-0.21920447,0.19518565,0.1805424,0.01989816,0.17795596,0.097116426,0.04611173,0.15807575,0.12838748,0.0027359822,0.20716202,-0.054125022,0.016654229,0.052623447,-0.21377657,0.05563135,0.11815783,-0.14014605,-0.20613186,-0.028033588,0.17252171,0.11017708,-0.25247386,-0.11226897,0.010998242,-0.1983206,-0.12444603,0.12264855,0.0405684,0.033050176,0.09163602,0.009856214
-0.24211344,0.09885076,-0.27453348,-0.0019568815,0.07068615,0.11693133,0.23655686,0.024156857,0.14457586,0.08429422,0.1607333,0.06807846,-0.20653453,0.24042922,-0.018560866,-0.04603736,-0.114651054,0.013429676,-0.2323293,-0.009513305,-0.12428453,0.09530762,0.039982703,0.07674228,-0.12472494,-0.1429066,0.22988188,0.1822499,0.22305611,0.026194334,0.16879217,-0.078996204,-0.04046928,-0.06742346,0.11949315,-0.12569827,0.12299634,-0.026783982,0.17505875,-0.14251277,-0.076190434,-0.19136572,-0.021229487,0.21903421,-0.053297807,-0.24938606,0.08126653,-0.24973921,0.094073586,0.05582556,0.12708405,0.18047047,-0.21432471,0.18347764,-0.18652555,-0.063246064,-0.13872701,0.12081077,-0.121472634,-0.010487783,-0.005489876,-0.005881693,0.16810714,0.15282793
-0.17928678,0.2677439,0.13334085,-0.1721389,-0.1822755,0.052653067,-0.12859844,-0.20697601,-0.085328914,0.2059326,-0.12983757,-0.15762506,-0.1434655,-0.11409282,0.046522107,0.15925913,-0.09845267,0.06640399,-0.19947626,0.057822686,-0.050998572,-0.19095598,-0.093695626,-0.13929233,0.2366517,-0.23439412,0.05657414,0.007280766,-0.04376393,-0.0032962784,-0.22554591,0.11301462,-0.11701799,-0.06013335,0.0892827,0.24471572,0.26690555,-0.058365133,-0.14411055,0.23979637,-0.20041543,0.110047415,0.24397583,0.08509027,-0.1555951,0.14954628,0.2915485,-0.037520166,0.09402725,0.13061322,-0.049137708,0.19132894,0.18608788,0.09735964,0.2221347,-0.19684698,-0.08111063,0.22961086,0.20777807,-0.042629454,-0.12821214,0.22518063,-0.27147982,-0.15142846
0.08615012,-0.047145158,-0.19956832,0.036272854,0.043123797,-0.104571655,0.024448251,0.09763416,-0.23704232,-0.20531346,-0.18497981,0.051667348,0.13194898,-0.09341617,-0.121684365,0.07983706,-0.11934584,0.007183466,-0.20784086,-0.072882846,-0.14628057,-0.12879896,0.119755395,-0.19255836,-0.19285026,0.1045995,-0.08450125,0.2217452,0.22433531,-0.04256067,-0.143118,-0.0028395934,0.20405155,0.13446642,0.11035583,0.19595265,0.063725315,0.12414726,-0.16431947,0.014817831,-0.20294313,-0.1570161,0.080663696,0.28940165,-0.21375777,-0.0061958353,-0.045057215,-0.16542575,0.14699645,-0.08455897,-0.11114895,-0.08818007,-0.04734477,0.11201447,-0.062076595,0.15950978,0.17957945,0.0576024,0.105713606,-0.22983944,-0.08507832,0.07119499,-0.15686442,0.16195543
0.13418536,0.15292326,-0.2068905,-0.04590137,-0.176535,0.1508642,0.021233916,0.12966472,0.037843335,-0.13147604,-0.056439497,-0.23204497,0.08334966,-0.20390768,0.009949868,0.12090457,-0.21202572,0.16887616,-0.07521175,0.20625356,-0.10137286,-0.2097718,-0.12293571,-0.14199133,0.0021516946,0.064279765,-0.20221357,0.104538366,-0.017141797,0.12090206,-0.007946693,0.076299064,0.20105271,0.010003962,0.031079113,0.114303626,-0.027379133,0.018730616,-0.026219513,0.051118933,-0.24490026,0.068409346,0.13811411,0.20391963,-0.0048376964,0.09354315,0.01638055,-0.12787741,-0.17480503,-0.053696115,0.015787907,-0.07653858,-0.07442579,-0.058316834,0.08767001,0.23616187,0.24204187,0.22226104,0.12376557,0.16659817,-0.10997337,-0.1365097,-0.25524375,0.041609082
-0.14753497,-0.104127534,0.1108678,0.12461146,0.00420305,-0.15294316,0.038837295,0.22830923,0.1925041,0.11216881,-0.21053882,-0.031339593,-0.26129058,-0.25315732,0.06527303,-0.21460523,0.15497507,-0.0062604374,0.07597938,0.07461115,-0.12789898,0.10462642,0.034967262,-0.084913865,0.20074637,0.17578879,0.0402278,0.005971817,0.051549453,-0.09348389,0.22057539,-0.08955457,-0.030650403,-0.053071547,0.076215774,0.04916606,-0.2052228,0.19859472,0.16916817,0.07451689,0.09276219,-0.056805357,0.0132224085,-0.18531421,0.053746633,0.10061386,-0.20830639,-0.08030704,-0.12051839,0.069796585,0.033738554,-0.17653437,-0.20888123,-0.21849218,0.02800702,-0.27157328,0.0059345486,-0.1346159,0.21600737,0.2331343,-0.110988766,0.021933455,0.09831981,-0.14327246
0.086647,0.19373882,-0.044472575,0.07519087,0.20535558,0.14699958,-0.03150666,0.11031113,-0.18358506,0.0189605,-0.06368163,-0.083047315,-0.048187282,0.13379513,-0.03486126,0.095720276,0.21881728,0.08048789,0.05933202,-0.22661622,0.028800141,-0.24619627,-0.22320998,0.075400576,0.24378516,0.1754273,0.1464719,0.22419299,-0.19220057,-0.14082962,-0.08792473,-0.28250918,-0.20589189,0.24857411,-0.0484174,0.090116374,-0.017649667,0.021334171,-0.07190828,-0.027203785,0.049998783,-0.20730524,-0.15734588,-0.0052419268,0.027810974,-0.06228121,-0.20061824,0.13886872,-0.21098019,-0.21690793,0.16483665,-0.018651992,-0.14994127,0.14357401,0.07353949,-0.124195755,-0.13671379,0.15316859,0.0075364634,-0.26125598,-0.059065234,-0.17634305,-0.17422394,0.115726545
-0.019426804,0.032770395,0.2470511,-0.043618117,0.18485159,-0.123644836,-0.064942494,-0.14286433,0.074112006,0.057460807,-0.13407196,0.0056910263,-0.22919318,-0.1371843,-0.104550965,0.05869918,-0.17047714,-0.1268015,0.07871554,0.14911214,-0.1695391,-0.035510115,0.24214979,-0.20569839,0.094441675,-0.17744836,-0.10987821,0.08861754,-0.067587286,0.076763384,-0.10234916,0.24283366,-0.102198556,-0.2045502,-0.26092568,0.23465087,-0.09480178,0.16015401,0.26141384,0.11793023,-0.076785244,0.11595036,0.16836226,-0.15518332,0.15448527,0.22243686,-0.05755776,0.20609349,-0.11802156,-0.15432663,-0.21639112,-0.16260132,0.15192454,-0.11243773,0.117181875,-0.28456768,-0.2347527,0.08029563,-0.21288404,0.12333812,-0.011609637,0.03425008,0.020113952,0.14355846
0.1283313,0.026204864,0.11395299,-0.066217184,-0.15889962,-0.014171725,0.09144054,0.18269302,-0.11732691,-0.16821593,0.026207315,0.063215636,0.20825426,-0.17340758,0.15926185,0.08921442,0.23753369,0.15117969,-0.008610784,-0.08838975,-0.1841767,-0.10500811,0.006096088,-0.22217847,0.0029228905,0.060654033,-0.16776675,0.11805235,0.21303296,-0.16762161,-0.13976648,0.050358713,-0.039064042,0.12522893,0.033223156,0.14834556,-0.08972605,0.014073115,-0.03283753,0.052524596,-0.053112876,0.080448054,0.10256507,0.20559688,0.10562754,0.14368802,-0.15859705,-0.07743669,0.053101137,-0.15211049,0.16061968,0.09003089,-0.13019016,0.22642498,-0.008479541,0.1712936,-0.13407396,-0.12794104,-0.024987964,0.081157066,0.04198653,-0.0034366185,-0.2751872,-0.1301897
-0.21228774,0.24355425,-0.19356537,0.18678162,-0.14192122,-0.22455165,0.03773224,-0.18495664,0.097850926,0.174954,0.22549959,-0.124294914,-0.23415548,0.01424815,-0.13332452,0.25732806,-0.17035858,0.18696532,-0.014487193,0.24587618,0.030238498,0.0015039459,0.066677324,0.042938683,0.030825373,-0.010790113,-0.11259151,-0.12711145,0.04961568,0.098179914,0.09957181,-0.22909209,0.01264789,0.045901086,-0.18716888,0.17494312,-0.049756654,-0.07748929,0.19105607,-0.038563833,-0.18570521,-0.20724355,0.009144934,0.1658591,-0.05340005,0.020858698,-0.06931527,-0.19147617,0.20386474,0.14421192,-0.046420343,-0.08944022,-0.1547846,-0.014036017,-0.06433293,-0.03826235,0.08195353,0.09969518,0.00018454496,-0.1565624,0.076324634,0.22995129,-0.27425566,0.11204488
0.16568768,-0.08762385,-0.18315062,0.10976571,0.031119253,0.19846123,0.1366214,-0.227234,-0.09787937,-0.20765355,-0.07761454,0.18014307,0.14150237,0.22122999,0.097327195,-0.049424224,0.04057989,-0.07733538,-0.11948656,-0.06651731,-0.18332879,-0.21840037,0.024053788,0.1845018,0.22883654,0.006369623,-0.15238157,-0.0675203,0.16320792,-0.05865101,-0.06909385,-0.20592737,0.058980845,-0.06564803,0.21992068,0.022971893,-0.17068619,-0.12972766,-0.21030043,0.18954206,0.04805803,0.15910491,0.20614026,0.06480283,-0.26152575,0.14663306,-0.12441443,-0.113412455,0.053525653,0.1117349,0.18666486,-0.044368286,0.1926647,0.03526295,-0.13908558,0.25498992,0.10383286,0.065205835,-0.06659655,-0.030316751,0.066255316,-0.10937796,-0.1669196,-0.04140458
-0.06404086,-0.10482927,-0.20169061,0.0350037,0.077978805,-0.14836966,-0.028656859,0.03199448,-0.042349443,-0.23082282,-0.184833,-0.2016067,-0.26656473,0.06697038,-0.10901609,0.09591857,-0.2464601,-0.10955378,-0.011927987,0.27928808,-0.2287493,0.091450214,-0.029491803,-0.017882142,-0.22654144,0.1892588,0.07952388,0.11298346,-0.1193891,0.06433617,-0.2477619,0.0058904802,-0.16107008,-0.16796854,-0.22688018,0.12546743,0.011613154,0.1259086,0.027706346,-0.058515012,0.14724827,0.12792192,-0.24362664,0.16999596,0.16541883,-0.06642008,0.028340105,0.14628693,0.19786134,-0.08378358,-0.05412779,-0.2339274,-0.03747144,-0.09891401,-0.019079769,-0.10736267,0.06234654,-0.07973756,-0.0925616,0.020449474,-0.19430435,-0.014260076,-0.049330045,0.1474788
0.1451932,0.17305538,0.09883475,-0.21879026,-0.09325522,0.17830549,-0.17029482,-0.043588642,-0.20013958,-0.16686669,0.08046662,-0.15737982,0.18687743,0.098977365,0.13651747,-0.13075998,0.15486172,0.026660016,0.17079413,0.10646861,-0.21632355,-0.2583698,-0.2144616,-0.18868572,-0.08283526,-0.024878956,0.054603897,0.1109663,-0.17005803,0.034974635,0.13513647,-0.22854519,-0.14748095,0.015131421,-0.2157415,0.21778636,-0.0024936658,-0.037234165,0.025929114,0.13921875,-0.29899397,0.2567955,0.26448303,-0.16770461,-0.10559571,0.13712941,0.101422705,-0.22422434,-0.062308323,-0.046446186,-0.12385917,0.25994274,0.111493856,0.025913963,0.18024701,0.0753525,0.07054102,0.012081096,0.0663615,0.065566525,0.18878122,0.2287195,-0.2801013,0.1332015
0.13492815,-0.187564,-0.17190728,0.08939505,-0.19251229,0.07049052,0.14591652,0.0708918,-0.16493376,0.027249644,0.08287194,0.053559564,0.19608212,0.21542569,0.046975065,-0.13231088,0.2036553,0.1952387,-0.101781756,0.15119888,-0.19928351,0.050344978,-0.11682209,-0.13130757,-0.05129912,0.07858027,0.031620096,0.017247986,-0.097354956,0.04053548,-0.16989984,0.12208686,0.15774824,0.0054554255,-0.004914509,0.038589045,-0.034546442,0.16600381,0.049874645,-0.1552429,-0.22513959,0.18415467,-0.010285422,0.0959868,-0.18723945,0.20102406,-0.20376472,0.14210291,0.1841536,-0.099028975,0.2439618,0.08460129,0.1550733,0.066200405,-0.259385,0.1382181,0.029984938,0.22982518,-0.22627582,-0.26654646,-0.017684778,-0.11523214,-0.22063744,0.10408608
0.19823505,0.14099923,0.20192218,0.065383546,-0.19183491,0.14784306,-0.006738961,-0.20337547,-0.20563859,-0.16734703,-0.23579605,0.2056983,-0.019309191,0.110557295,-0.12645084,0.1376205,0.013488149,-0.07147377,-0.08189869,0.03049952,-0.20225872,-0.07256689,-0.24860214,-0.21076615,-0.21224704,0.011659505,0.20751345,0.01130063,-0.16920207,0.03222292,-0.2256208,-0.051155765,-0.12848732,0.111143626,-0.16195102,0.011240408,-0.11218896,-0.11645232,0.11570969,-0.21323793,-0.12068798,0.07354755,-0.119654424,0.1732629,-0.13374625,-0.015947267,-0.1903307,-0.08460788,-0.09950719,0.15870653,0.06712316,-0.16013601,-0.11941155,0.11127201,-0.2531047,0.16086327,-0.10271564,-0.029157711,-0.17330612,0.01713929,-0.10911481,0.22839718,-0.28615698,-0.1582353
-0.17301147,-0.031787872,0.09502572,0.24399385,0.13100867,0.20322947,0.15866779,0.16825227,0.16541256,-0.1047448,0.18879153,-0.09875992,-0.22161537,-0.2415823,-0.12508361,0.09273837,0.18112992,0.14688878,-0.044758935,0.2768636,0.045934137,-0.031689953,-0.1358827,0.06333249,-0.0197783,-0.1661383,-0.14381975,0.15550986,-0.010729118,-0.06839117,0.2504328,-0.009091429,-0.07694438,-0.1971354,0.09485751,0.06539962,0.24779654,-0.064310566,0.007202498,0.21159405,-0.20909213,-0.1688547,0.019222999,-0.20321733,0.19206622,0.08556018,0.23166642,0.14899302,-0.0033908417,0.13514233,-0.07250624,-0.13062795,0.049011517,-0.05737845,0.19619954,-0.027648715,-0.14478984,-0.13922341,0.17815508,0.0760245,-0.19229452,-0.06644791,0.11630436,0.067606315
-0.2630958,0.20879108,0.2069213,0.27156925,-0.16324356,0.021271756,0.15487394,-0.1817823,-0.018748578,0.21495381,0.15079884,-0.023434578,-0.013838469,-0.24425633,0.06469978,0.0139488205,-0.17326611,0.08391155,-0.057883568,0.16092984,0.20391762,0.20189227,0.2738226,0.24418308,0.20620862,0.16973256,0.05205288,0.09861123,-0.21754488,0.001803596,-0.14532559,0.20144296,0.2110689,-0.24145642,-0.08247675,-0.22131658,0.1257655,0.19824776,-0.09187156,-0.004684194,0.22033635,-0.053686023,-0.18550314,-0.20493715,-0.11629308,-0.21162452,0.022272045,-0.16353108,-0.19358285,0.18943582,-0.08967097,-0.24490906,-0.19561398,0.051299565,-0.16904305,-0.25632206,-0.11597397,0.02679177,0.08985646,-0.0811108,0.08321463,-0.04318777,-0.14740364,0.16646713
0.029989146,-0.17011195,-0.06610365,0.24850592,0.051049378,-0.15110803,-0.078157686,0.12104338,0.24577053,-0.14555661,0.0068291454,-0.0066956403,-0.14519063,0.0027166896,-0.14012212,-0.18236782,-0.19888122,-0.17583376,-0.014988285,0.2552152,-0.09689835,0.030575704,-0.09005459,0.17129019,-0.02774804,-0.17075609,0.04839542,-0.21392357,0.021847896,-0.10729408,-0.021313889,0.23655772,0.20665887,-0.008291805,-0.15651956,-0.12362872,0.08852731,0.007861207,-0.10239301,-0.024431404,0.0075298105,-0.26993775,0.14614959,0.13546327,0.21814597,0.20951678,0.20888485,-0.23543094,-0.22715132,0.14708783,-0.22410582,-0.14620739,-0.20937876,-0.23679468,0.17322136,-0.2676589,-0.021544768,-0.08403526,-0.069365434,0.21989569,-0.15441242,-0.06813341,0.19991097,-0.118426286
-0.107911885,0.15071926,0.13636641,0.07155378,-0.11792374,-0.12298432,0.13451125,0.054446816,0.021506304,-0.098428585,0.09299111,0.1424294,-0.09717492,-0.21532251,-0.12800293,-0.082257904,-0.16554222,0.18991396,0.10821934,0.015693078,0.13108298,-0.13722059,0.19654459,0.24528691,-0.04669941,0.10249867,-0.140908,0.00045712417,-0.0654797,0.1300934,-0.08162671,0.2528203,-0.15454248,-0.107911974,-0.20985775,-0.13251355,-0.12671879,0.09869952,0.1716718,-0.093118876,-0.0847695,-0.2293841,0.16632448,-0.157245,0.039696865,-0.039016142,-0.021622192,-0.08315525,-0.16100734,0.20775157,0.09432382,-0.121004395,0.10157105,0.12668826,0.089710325,-0.0738734,-0.025052572,-0.014413482,-0.022835037,0.19026928,0.15851487,0.16315335,0.21400169,-0.10308537
0.031065036,-0.2831052,0.09751783,-0.010675265,-0.092640944,-0.22410418,0.0265685,-0.15462382,-0.22202295,-0.09691644,-0.24235559,-0.05817808,0.035878,-0.15312752,-0.18375075,-0.095149815,0.13832921,-0.08306989,-0.2028612,-0.22239576,-0.11373958,-0.19884957,0.22906695,0.149318,-0.20595352,-0.085829005,-0.08119298,0.074577875,0.049309846,0.22448862,-0.10160996,0.20520808,0.20536295,-0.25088403,-0.03481838,0.11846894,0.22517103,-0.14593473,-0.13508391,0.022916483,0.2047492,0.14183739,0.047068674,-0.0136194015,-0.26359832,0.018779395,-0.23140264,0.030542139,-0.0915962,-0.120134205,-0.2049753,0.103377886,0.061086826,-0.26072216,-0.09610065,-0.12647803,0.20133553,0.027328527,-0.06800221,-0.14033045,-0.022385238,-0.11539183,0.18062097,0.0858308
0.011755812,0.053031746,-0.15996882,0.09427747,-0.0659699,-0.14210992,-0.24384835,-0.12563752,-0.14500575,0.07359627,0.047146127,-0.0629347,0.21941307,0.0057517146,0.056578342,0.30086625,-0.18283214,0.13678741,-0.16398542,0.18137808,-0.103499666,0.13070202,0.08357514,-0.2057086,-0.027719487,-0.14140858,-0.21861275,0.0487875,-0.20437779,-0.031878956,-0.1585967,-0.08773123,0.028307145,0.23985073,-0.09911945,0.16999798,0.22261764,-0.1094388,-0.08679458,-0.077447034,-0.0045274915,-0.192844,0.121094875,0.214082,-0.18470526,-0.1212928,-0.016707761,0.15794015,-0.06686865,0.18753208,0.24810569,-0.014191947,0.1485409,0.05019788,-0.13292274,0.03898219,-0.030815002,0.12000712,0.012341855,-0.09695853,-0.16803153,0.1745384,-0.26649222,0.13601406
-0.0133120585,0.24919532,0.14120221,0.19659664,0.12288814,-0.08603272,0.18940721,0.15731452,0.055255216,0.16330735,-0.055505816,-0.019000802,0.10759482,-0.23469463,0.11509633,0.07921691,-0.22060198,-0.013643064,-0.20470491,-0.02748999,0.13363488,-0.09421984,-0.26654327,0.13597608,0.112552695,0.14137658,0.21560468,0.10880319,0.18580276,0.20610116,0.020416908,-0.11171011,0.0073743183,-0.13214119,0.24321236,0.107007295,0.033437762,0.18032245,0.050348695,-0.041717988,-0.25634176,-0.160568,-0.08630761,0.12916286,0.16675308,-0.20612936,0.143601,0.14778101,-0.042971328,0.09229798,0.17988606,-0.08793894,0.018291697,0.027474461,0.17507823,0.27298826,-0.036659516,0.1979847,0.24065804,-0.1419715,-0.022251245,-0.1671224,-0.10430361,0.12579334
0.2614567,0.062023267,0.22383982,-0.079905316,-0.22807536,0.10772217,-0.12193534,-0.10066093,0.018495964,-0.097003244,0.20055181,-0.06342821,0.046626534,0.21257532,-0.21801598,0.018556857,0.01919999,-0.20385918,-0.14782456,-0.12109605,-0.10221497,0.15770453,0.043898586,-0.27607438,-0.115789734,-0.15267813,-0.23452061,-0.03910964,-0.09365631,0.1680225,-0.12842068,-0.04416715,-0.09834531,-0.0107449945,-0.029173594,0.069483764,0.016249433,-0.14324045,-0.17638682,0.13170576,-0.22918408,-0.16975212,0.18987936,0.04600704,0.07558221,0.20453791,0.013988631,0.058521986,0.093625166,0.22194521,0.008817316,0.16436324,-0.070875935,0.020031385,0.21989238,0.27182627,-0.1391465,-0.1596813,0.2388006,-0.058739915,0.212039,0.1367297,-0.053557325,-0.09172884
0.25637347,-0.27376744,0.021650165,-0.03413863,-0.057651546,-0.20637645,-0.08333628,0.108191326,0.033632644,0.09973264,0.06886105,0.23375744,0.1481407,-0.25564352,0.11353154,-0.070541285,0.2018379,0.009062886,0.023164295,0.1308785,0.018531997,0.14499636,-0.03426466,0.22869514,0.17024672,0.020722948,0.11895031,-0.000407542,-0.085758954,0.10815616,0.11077164,0.20501027,-0.22205903,0.18249792,0.060723275,0.18285552,0.08068708,0.034955543,0.1244803,0.124044806,-0.06866294,-0.015082135,-0.04777516,-0.24097386,-0.23893863,-0.021858424,0.028888209,0.2465784,-0.25740838,-0.2164327,-0.043188203,-0.14982858,-0.16536126,-0.21938844,-0.18061689,-0.19097374,-0.20307583,-0.011129546,-0.100154996,0.105890945,0.17869791,0.030874569,0.16147587,0.1559977
0.1699673,-0.030236844,-0.13212053,0.1948862,0.11520792,-0.16239569,-0.11963514,0.1996449,0.22102119,0.23366761,0.096939884,0.019079812,-0.049111065,0.11821657,-0.029329449,0.14028488,-0.11349387,-0.039940026,-0.11859064,0.076721065,0.18022917,-0.12562022,-0.20832278,-0.05582514,-0.019572629,-0.103326835,0.095659845,0.021992309,-0.19809395,0.016948905,0.18945009,-0.19328393,-0.16347519,0.17289174,0.17582893,0.2542727,-0.056170937,0.19573286,0.12144168,0.021120097,-0.13458264,0.080754995,0.16743019,0.18065745,0.0039298655,-0.20948249,0.14219451,0.050633885,-0.17126755,-0.09134001,0.16020976,0.05530325,0.077024035,0.19076608,0.039775364,0.067480616,0.12002341,0.20005974,-0.124372005,-0.026660237,-0.1669687,0.00080376054,-0.1663374,-0.058674853
